,Job,Create,Start
0,a01,2023-10-17 02:35:24,2023-10-17 02:35:24
1,a02,2023-10-17 02:42:56,2023-10-17 02:45:50
2,a03,2023-10-17 02:41:29,2023-10-17 02:42:20
3,a04,2023-10-17 02:37:59,2023-10-17 02:40:40
4,a05,2023-10-17 02:42:32,2023-10-17 02:42:45
5,a06,2023-10-17 02:46:51,2023-10-17 02:47:33
6,a07,2023-10-17 02:40:49,2023-10-17 02:41:17
7,a08,2023-10-17 02:47:42,2023-10-17 02:47:58
8,a09,2023-10-17 02:52:53,2023-10-17 02:53:11
9,a10,2023-10-17 02:36:01,2023-10-17 02:36:01
10,b01,2023-10-17 02:51:24,2023-10-17 02:51:43
11,b02,2023-10-17 02:46:02,2023-10-17 02:46:30
12,b03,2023-10-17 02:37:34,2023-10-17 02:37:34
13,b04,2023-10-17 02:52:05,2023-10-17 02:52:44
14,b05,2023-10-17 02:37:06,2023-10-17 02:37:06
15,b06,2023-10-17 02:48:10,2023-10-17 02:51:04
16,b07,2023-10-17 02:51:15,2023-10-17 02:51:15
17,b08,2023-10-17 02:46:42,2023-10-17 02:46:42
18,b09,2023-10-17 02:36:30,2023-10-17 02:36:30
19,b10,2023-10-17 02:51:53,2023-10-17 02:51:55
